{
  "eval_loss": 0.7074357867240906,
  "eval_accuracy": 0.7039219737052917,
  "eval_runtime": 2.5685,
  "eval_samples_per_second": 3831.755,
  "eval_steps_per_second": 59.956,
  "epoch": 3.0
}