{
  "random_baseline": 33.33,
  "baseline_hypothesis_only": 45.95610648242227,
  "debiased_hypothesis_only": 45.14326356431619,
  "reduction": 0.8128429181060781,
  "baseline_per_label": {
    "0": 90.11715229798737,
    "1": 22.96754250386399,
    "2": 23.794996949359366
  },
  "debiased_per_label": {
    "0": 11.204565935716431,
    "1": 71.90108191653786,
    "2": 53.20317266625991
  },
  "agreement_rate": 24.66978256451941
}